10000	1976	21	21	1	s	95	403	0
10001	1976	21	21	2	s	522	403	0
10002	1976	21	21	3	s	94	403	0
10003	1976	21	21	4	s	524	403	0
10004	1976	21	21	5	s	520	403	0
10005	1976	21	23	1	s	534	403	0
10006	1976	21	23	2	s	540	403	0
10007	1976	21	23	3	s	532	403	0
10008	1976	21	23	4	s	542	403	0
10009	1976	21	23	5	s	536	403	0
10010	1976	21	20	1	s	1864	403	0
10011	1976	21	20	2	s	1866	403	0
10012	1976	21	20	3	s	1862	403	0
10013	1976	21	20	4	s	1867	403	0
10014	1976	21	20	5	s	1865	403	0
10015	1976	23	23	1	s	97	403	0
10016	1976	23	23	2	s	523	403	0
10017	1976	23	23	3	s	96	403	0
10018	1976	23	23	4	s	525	403	0
10019	1976	23	23	5	s	521	403	0
10020	1976	23	21	1	s	535	403	0
10021	1976	23	21	2	s	541	403	0
10022	1976	23	21	3	s	533	403	0
10023	1976	23	21	4	s	543	403	0
10024	1976	23	21	5	s	537	403	0
10025	1976	23	20	1	s	37	403	0
10026	1976	23	20	2	s	80	403	0
10027	1976	23	20	3	s	15	403	0
10028	1976	23	20	4	s	82	403	0
10029	1976	23	20	5	s	76	403	0
10030	1976	20	20	1	s	412	403	0
10031	1976	20	20	2	s	414	403	0
10032	1976	20	20	3	s	410	403	0
10033	1976	20	20	4	s	415	403	0
10034	1976	20	20	5	s	413	403	0
10035	1976	20	21	1	s	1870	403	0
10036	1976	20	21	2	s	1872	403	0
10037	1976	20	21	3	s	1868	403	0
10038	1976	20	21	4	s	1873	403	0
10039	1976	20	21	5	s	1871	403	0
10040	1976	20	23	1	s	418	403	0
10041	1976	20	23	2	s	420	403	0
10042	1976	20	23	3	s	416	403	0
10043	1976	20	23	4	s	430	403	0
10044	1976	20	23	5	s	419	403	0
10045	1989	26	26	1	s	609	403	0
10046	1989	26	26	2	s	611	403	0
10047	1989	26	26	3	s	607	403	0
10048	1989	26	26	4	s	612	403	0
10049	1989	26	26	5	s	610	403	0
10050	5067	5069	5069	1	s	5073	403	0
10051	5067	5069	5069	2	s	5075	403	0
10052	5067	5069	5069	3	s	5068	403	0
10053	5067	5069	5069	4	s	5076	403	0
10054	5067	5069	5069	5	s	5074	403	0
10055	2789	27	27	1	s	2799	403	0
10056	2789	27	27	2	s	2801	403	0
10057	2789	27	27	3	s	387	403	0
10058	2789	27	27	4	s	2802	403	0
10059	2789	27	27	5	s	2800	403	0
10060	1991	30	30	1	s	645	403	0
10061	1991	30	30	2	s	647	403	0
10062	1991	30	30	3	s	649	403	0
10063	1991	30	30	4	s	648	403	0
10064	1991	30	30	5	s	646	403	0
10065	1970	700	700	1	s	622	403	0
10066	1970	700	700	2	s	624	403	0
10067	1970	700	700	3	s	620	403	0
10068	1970	700	700	4	s	625	403	0
10069	1970	700	700	5	s	623	403	0
10070	1970	700	701	1	s	1122	403	0
10071	1970	700	701	2	s	1124	403	0
10072	1970	700	701	3	s	1120	403	0
10073	1970	700	701	4	s	1125	403	0
10074	1970	700	701	5	s	1123	403	0
10075	1970	701	701	1	s	672	403	0
10076	1970	701	701	2	s	673	403	0
10077	1970	701	701	3	s	670	403	0
10078	1970	701	701	4	s	675	403	0
10079	1970	701	701	5	s	674	403	0
10080	1970	701	700	1	s	1132	403	0
10081	1970	701	700	2	s	1134	403	0
10082	1970	701	700	3	s	1130	403	0
10083	1970	701	700	4	s	1135	403	0
10084	1970	701	700	5	s	1133	403	0
10085	429	18	18	1	s	631	403	0
10086	429	18	18	2	s	632	403	0
10087	429	18	18	3	s	92	403	0
10088	429	18	18	4	s	634	403	0
10089	429	18	18	5	s	633	403	0
10090	1994	25	25	1	s	664	403	0
10091	1994	25	25	2	s	665	403	0
10092	1994	25	25	3	s	98	403	0
10093	1994	25	25	4	s	667	403	0
10094	1994	25	25	5	s	666	403	0
10095	1994	19	19	1	s	660	403	0
10096	1994	19	19	2	s	661	403	0
10097	1994	19	19	3	s	93	403	0
10098	1994	19	19	4	s	663	403	0
10099	1994	19	19	5	s	662	403	0
10100	1994	19	25	1	s	255	403	0
10101	1994	19	25	2	s	256	403	0
10102	1994	19	25	3	s	254	403	0
10103	1994	19	25	4	s	257	403	0
10104	1994	19	25	5	s	258	403	0
10105	1994	25	19	1	s	261	403	0
10106	1994	25	19	2	s	262	403	0
10107	1994	25	19	3	s	260	403	0
10108	1994	25	19	4	s	263	403	0
10109	1994	25	19	5	s	264	403	0
10110	426	1042	1042	1	s	1058	403	0
10111	426	1042	1042	2	s	1059	403	0
10112	426	1042	1042	3	s	1054	403	0
10113	426	1042	1042	4	s	1061	403	0
10114	426	1042	1042	5	s	1060	403	0
10115	428	17	17	1	s	1957	403	0
10116	428	17	17	2	s	1958	403	0
10117	428	17	17	3	s	1955	403	0
10118	428	17	17	4	s	1960	403	0
10119	428	17	17	5	s	1959	403	0
10120	434	1082	1082	1	s	1095	403	0
10121	434	1082	1082	2	s	1096	403	0
10122	434	1082	1082	3	s	1093	403	0
10123	434	1082	1082	4	s	1098	403	0
10124	434	1082	1082	5	s	1097	403	0
10125	434	1082	1114	1	s	2345	403	0
10126	434	1082	1114	2	s	2346	403	0
10127	434	1082	1114	3	s	2347	403	0
10128	434	1082	1114	4	s	2348	403	0
10129	434	1082	1114	5	s	2349	403	0
10130	434	1082	1184	1	s	2358	403	0
10131	434	1082	1184	2	s	2359	403	0
10132	434	1082	1184	3	s	2360	403	0
10133	434	1082	1184	4	s	2361	403	0
10134	434	1082	1184	5	s	2362	403	0
10135	434	1114	1114	1	s	2062	403	0
10136	434	1114	1114	2	s	2063	403	0
10137	434	1114	1114	3	s	2060	403	0
10138	434	1114	1114	4	s	2065	403	0
10139	434	1114	1114	5	s	2064	403	0
10140	434	1114	1082	1	s	2371	403	0
10141	434	1114	1082	2	s	2372	403	0
10142	434	1114	1082	3	s	2373	403	0
10143	434	1114	1082	4	s	2374	403	0
10144	434	1114	1082	5	s	2375	403	0
10145	434	1114	1184	1	s	2534	403	0
10146	434	1114	1184	2	s	2535	403	0
10147	434	1114	1184	3	s	2536	403	0
10148	434	1114	1184	4	s	2537	403	0
10149	434	1114	1184	5	s	2538	403	0
10150	434	1184	1184	1	s	1322	403	0
10151	434	1184	1184	2	s	1323	403	0
10152	434	1184	1184	3	s	1320	403	0
10153	434	1184	1184	4	s	1325	403	0
10154	434	1184	1184	5	s	1324	403	0
10155	434	1184	1082	1	s	2384	403	0
10156	434	1184	1082	2	s	2385	403	0
10157	434	1184	1082	3	s	2386	403	0
10158	434	1184	1082	4	s	2387	403	0
10159	434	1184	1082	5	s	2388	403	0
10160	434	1184	1114	1	s	2540	403	0
10161	434	1184	1114	2	s	2541	403	0
10162	434	1184	1114	3	s	2542	403	0
10163	434	1184	1114	4	s	2543	403	0
10164	434	1184	1114	5	s	2544	403	0
10165	1996	1083	1083	1	s	1110	403	0
10166	1996	1083	1083	2	s	1111	403	0
10167	1996	1083	1083	3	s	1108	403	0
10168	1996	1083	1083	4	s	1113	403	0
10169	1996	1083	1083	5	s	1112	403	0
10170	2000	1266	1266	1	s	1552	403	0
10171	2000	1266	1266	2	s	1553	403	0
10172	2000	1266	1266	3	s	1550	403	0
10173	2000	1266	1266	4	s	1555	403	0
10174	2000	1266	1266	5	s	1554	403	0
10175	1982	1186	1186	1	s	1332	403	0
10176	1982	1186	1186	2	s	1333	403	0
10177	1982	1186	1186	3	s	1330	403	0
10178	1982	1186	1186	4	s	1335	403	0
10179	1982	1186	1186	5	s	1334	403	0
10180	1984	829	829	1	s	1222	403	0
10181	1984	829	829	2	s	1223	403	0
10182	1984	829	829	3	s	1220	403	0
10183	1984	829	829	4	s	1225	403	0
10184	1984	829	829	5	s	1224	403	0
10185	3371	774	774	1	s	3364	403	0
10186	3371	774	774	2	s	3365	403	0
10187	3371	774	774	3	s	3362	403	0
10188	3371	774	774	4	s	3367	403	0
10189	3371	774	774	5	s	3366	403	0
10190	1974	869	869	1	s	1203	403	0
10191	1974	869	869	2	s	1204	403	0
10192	1974	869	869	3	s	1201	403	0
10193	1974	869	869	4	s	1206	403	0
10194	1974	869	869	5	s	1205	403	0
10195	1988	1700	1700	1	s	1754	403	0
10196	1988	1700	1700	2	s	1755	403	0
10197	1988	1700	1700	3	s	1752	403	0
10198	1988	1700	1700	4	s	1757	403	0
10199	1988	1700	1700	5	s	1756	403	0
10200	424	16	16	1	s	58	403	0
10201	424	16	16	2	s	1694	403	0
10202	424	16	16	3	s	91	403	0
10203	424	16	16	4	s	1695	403	0
10204	424	16	16	5	s	59	403	0
10205	423	1560	1560	1	s	1786	403	0
10206	423	1560	1560	2	s	1788	403	0
10207	423	1560	1560	3	s	1784	403	0
10208	423	1560	1560	4	s	1789	403	0
10209	423	1560	1560	5	s	1787	403	0
10210	2002	1562	1562	1	s	1806	403	0
10211	2002	1562	1562	2	s	1808	403	0
10212	2002	1562	1562	3	s	1804	403	0
10213	2002	1562	1562	4	s	1809	403	0
10214	2002	1562	1562	5	s	1807	403	0
10215	2095	25	25	1	s	2314	403	0
10216	2095	25	25	2	s	2315	403	0
10217	2095	25	25	3	s	98	403	0
10218	2095	25	25	4	s	2317	403	0
10219	2095	25	25	5	s	2318	403	0
10220	2097	1042	1042	1	s	2326	403	0
10221	2097	1042	1042	2	s	2327	403	0
10222	2097	1042	1042	3	s	1054	403	0
10223	2097	1042	1042	4	s	2329	403	0
10224	2097	1042	1042	5	s	2330	403	0
10225	2099	790	790	1	s	902	403	0
10226	2099	790	790	2	s	904	403	0
10227	2099	790	790	3	s	900	403	0
10228	2099	790	790	4	s	905	403	0
10229	2099	790	790	5	s	903	403	0
10230	397	2277	2277	1	s	1072	403	0
10231	397	2277	2277	2	s	1074	403	0
10232	397	2277	2277	3	s	1070	403	0
10233	397	2277	2277	4	s	1075	403	0
10234	397	2277	2277	5	s	1073	403	0
10235	2994	2249	2249	1	s	2990	403	0
10236	2994	2249	2249	2	s	2992	403	0
10237	2994	2249	2249	3	s	2988	403	0
10238	2994	2249	2249	4	s	2993	403	0
10239	2994	2249	2249	5	s	2991	403	0
10240	3194	2249	2249	1	s	3190	403	0
10241	3194	2249	2249	2	s	3192	403	0
10242	3194	2249	2249	3	s	3188	403	0
10243	3194	2249	2249	4	s	3193	403	0
10244	3194	2249	2249	5	s	3191	403	0
10245	2968	2950	2950	1	s	2974	403	0
10246	2968	2950	2950	2	s	2976	403	0
10247	2968	2950	2950	3	s	2972	403	0
10248	2968	2950	2950	4	s	2977	403	0
10249	2968	2950	2950	5	s	2975	403	0
10250	3253	3220	3220	1	s	3224	403	0
10251	3253	3220	3220	2	s	3226	403	0
10252	3253	3220	3220	3	s	3222	403	0
10253	3253	3220	3220	4	s	3227	403	0
10254	3253	3220	3220	5	s	3225	403	0
10255	427	1042	1042	1	s	1054	405	0
10256	431	18	18	1	s	92	405	0
10257	435	1082	1082	1	s	1093	405	0
10258	1971	700	700	1	s	620	405	0
10259	1971	701	701	1	s	670	405	0
10260	1971	700	701	1	s	1120	405	0
10261	1971	701	700	1	s	1130	405	0
10262	1975	869	869	1	s	1201	405	0
10263	1977	21	21	1	s	94	405	0
10264	1977	23	23	1	s	96	405	0
10265	1977	20	20	1	s	410	405	0
10266	1977	21	23	1	s	532	405	0
10267	1977	21	20	1	s	1862	405	0
10268	1977	23	21	1	s	533	405	0
10269	1977	23	20	1	s	15	405	0
10270	1977	20	21	1	s	1868	405	0
10271	1977	20	23	1	s	416	405	0
10272	1983	1186	1186	1	s	1330	405	0
10273	1985	829	829	1	s	1220	405	0
10274	3372	774	774	1	s	3362	405	0
10275	1990	26	26	1	s	607	405	0
10276	1992	30	30	1	s	649	405	0
10277	6194	2249	2249	1	s	2988	405	0
10278	1995	25	25	1	s	98	405	0
10279	1995	19	19	1	s	93	405	0
10280	1995	19	25	1	s	254	405	0
10281	1995	25	19	1	s	260	405	0
10282	1997	1083	1083	1	s	1108	405	0
10283	1999	1184	1184	1	s	1320	405	0
10284	2001	1266	1266	1	s	1550	405	0
10285	2040	1114	1114	1	s	2060	405	0
10286	2222	16	16	1	s	91	405	0
10287	2223	17	17	1	s	1955	405	0
10288	2225	28	28	1	s	352	405	0
10289	5032	5069	5069	1	s	5068	405	0
10290	2226	29	29	1	s	385	405	0
10291	2227	27	27	1	s	387	405	0
10292	2229	25	25	1	s	98	405	0
10293	2231	1042	1042	1	s	1054	405	0
10294	2235	1033	1033	1	s	974	405	0
10295	2969	2950	2950	1	s	2972	405	0
10296	3254	3220	3220	1	s	3222	405	0
10297	1998	1700	1700	1	s	1752	405	0
10298	627	2277	2277	1	s	1070	405	0
10299	2593	603	603	1	s	493	783	0
10300	2593	603	603	2	s	494	783	0
10301	2593	603	603	3	s	500	783	0
10302	2593	603	603	4	s	495	783	0
10303	2593	603	603	5	s	496	783	0
10304	2593	603	603	6	s	499	783	0
10305	2593	603	603	7	s	498	783	0
10306	2593	603	603	8	s	497	783	0
10307	2593	603	603	9	s	2571	783	0
10308	2593	603	603	10	s	2570	783	0
10309	2593	603	603	11	s	2573	783	0
10310	2593	603	603	12	s	2572	783	0
10311	2593	603	600	15	o	606	783	1970
10312	1029	600	600	11	s	4161	783	0
10313	1029	600	600	30	s	506	783	0
10314	1029	600	600	1	s	507	783	0
10315	1029	600	600	5	s	508	783	0
10316	1029	600	600	10	s	4162	783	0
10317	1029	600	600	29	s	509	783	0
10318	1029	600	600	6	s	510	783	0
10319	1029	600	600	15	o	517	783	1970
10320	1029	600	603	28	s	511	783	0
10321	1029	600	604	48	s	756	783	0
10322	1029	600	718	68	s	758	783	0
10323	2594	604	604	1	s	485	783	0
10324	2594	604	604	2	s	486	783	0
10325	2594	604	604	3	s	492	783	0
10326	2594	604	604	4	s	487	783	0
10327	2594	604	604	5	s	488	783	0
10328	2594	604	604	6	s	491	783	0
10329	2594	604	604	7	s	490	783	0
10330	2594	604	604	8	s	489	783	0
10331	2594	604	604	9	s	2575	783	0
10332	2594	604	604	10	s	2574	783	0
10333	2594	604	604	11	s	2577	783	0
10334	2594	604	604	12	s	2576	783	0
10335	2594	604	600	15	o	3289	783	1970
10336	2595	718	718	1	s	1506	783	0
10337	2595	718	718	2	s	1507	783	0
10338	2595	718	718	3	s	1513	783	0
10339	2595	718	718	4	s	1508	783	0
10340	2595	718	718	5	s	1509	783	0
10341	2595	718	718	6	s	1512	783	0
10342	2595	718	718	7	s	1511	783	0
10343	2595	718	718	8	s	1510	783	0
10344	2595	718	718	9	s	2589	783	0
10345	2595	718	718	10	s	1515	783	0
10346	2595	718	718	11	s	1514	783	0
10347	2595	718	718	12	s	2590	783	0
10348	2595	718	600	15	o	3291	783	1970
10349	2745	2277	2277	1	s	2750	2742	0
10350	2745	2277	2277	2	s	2751	2742	0
10351	2745	2277	2277	3	s	2752	2742	0
10352	2745	2277	2277	4	s	1070	2742	0
10353	3522	3500	3500	1	s	3518	403	0
10354	3522	3500	3500	2	s	3520	403	0
10355	3522	3500	3500	3	s	3516	403	0
10356	3522	3500	3500	4	s	3521	403	0
10357	3522	3500	3500	5	s	3519	403	0
10358	3523	3500	3500	1	s	3516	405	0
10359	3626	3614	3614	1	s	3627	403	0
10360	3626	3614	3614	2	s	3628	403	0
10361	3626	3614	3614	3	s	3629	403	0
10362	3626	3614	3614	4	s	3631	403	0
10363	3626	3614	3614	5	s	3632	403	0
10364	3655	3614	3615	1	s	3636	783	0
10365	3659	3614	3615	1	s	3636	2742	0
10366	3659	3614	3615	2	s	3660	2742	0
10367	3683	3615	3615	1	s	3674	403	0
10368	3683	3615	3615	2	s	3675	403	0
10369	3683	3615	3615	3	s	3676	403	0
10370	3683	3615	3615	4	s	3678	403	0
10371	3683	3615	3615	5	s	3679	403	0
10372	3702	3615	3615	7	s	3693	783	0
10373	3702	3615	3615	8	s	3694	783	0
10374	3901	3831	3831	1	s	3884	403	0
10375	3901	3831	3831	2	s	3885	403	0
10376	3901	3831	3831	3	s	3882	403	0
10377	3901	3831	3831	4	s	3886	403	0
10378	3901	3831	3831	5	s	3887	403	0
10379	3903	3831	3831	1	s	3882	405	0
10380	3919	3831	3831	1	s	3893	783	0
10381	3919	3831	4537	1	s	4395	783	0
10382	3919	3831	3831	2	s	3895	783	0
10383	3919	3831	4537	2	s	2875	783	0
10384	3919	3831	3831	3	s	3888	783	0
10385	3919	3831	4537	3	s	2866	783	0
10386	3919	3831	3831	4	s	3896	783	0
10387	3919	3831	4537	4	s	3585	783	0
10388	3919	3831	3831	5	s	3894	783	0
10389	3919	3831	4537	5	s	4398	783	0
10390	3919	3831	3831	6	s	3897	783	0
10391	3919	3831	4537	6	s	4179	783	0
10392	3919	3831	3831	7	s	3890	783	0
10393	3919	3831	4537	7	s	4539	783	0
10394	3919	3831	3831	8	s	3892	783	0
10395	3919	3831	4537	8	s	2873	783	0
10396	3919	3831	2283	16	s	3889	783	0
10397	3919	3831	3831	18	s	3882	783	0
10398	6158	4537	4537	1	s	4397	783	0
10399	6158	4537	3831	1	s	4396	783	0
10400	6158	4537	4537	2	s	2877	783	0
10401	6158	4537	3831	2	s	2876	783	0
10402	6158	4537	4537	3	s	2868	783	0
10403	6158	4537	3831	3	s	2867	783	0
10404	6158	4537	4537	4	s	4142	783	0
10405	6158	4537	3831	4	s	4035	783	0
10406	6158	4537	4537	5	s	4400	783	0
10407	6158	4537	3831	5	s	4399	783	0
10408	6158	4537	4537	6	s	4198	783	0
10409	6158	4537	3831	6	s	4180	783	0
10410	6158	4537	4537	7	s	2871	783	0
10411	6158	4537	3831	7	s	2870	783	0
10412	6158	4537	4537	8	s	2874	783	0
10413	6158	4537	3831	8	s	4540	783	0
10414	6158	4537	2283	16	s	2869	783	0
10415	6158	4537	4537	18	s	2860	783	0
10416	4199	4537	4537	1	s	2862	403	0
10417	4199	4537	4537	2	s	2863	403	0
10418	4199	4537	4537	3	s	2860	403	0
10419	4199	4537	4537	4	s	2864	403	0
10420	4199	4537	4537	5	s	2865	403	0
10421	4225	4537	4537	1	s	2860	405	0
10422	4015	600	600	11	s	4161	4000	0
10423	4015	600	600	30	s	506	4000	0
10424	4015	600	600	1	s	507	4000	0
10425	4015	600	600	5	s	508	4000	0
10426	4015	600	600	10	s	4162	4000	0
10427	4015	600	600	29	s	509	4000	0
10428	4015	600	600	6	s	510	4000	0
10429	4015	600	603	8	s	511	4000	0
10430	4015	600	600	15	o	517	4000	1970
10431	4016	600	600	11	s	4161	4000	0
10432	4016	600	600	30	s	506	4000	0
10433	4016	600	600	1	s	507	4000	0
10434	4016	600	600	5	s	508	4000	0
10435	4016	600	600	10	s	4162	4000	0
10436	4016	600	600	29	s	509	4000	0
10437	4016	600	600	6	s	510	4000	0
10438	4016	600	603	8	s	511	4000	0
10439	4016	600	600	15	o	517	4000	1970
10440	4017	25	25	1	s	2314	4000	0
10441	4017	25	25	2	s	2315	4000	0
10442	4017	25	25	3	s	98	4000	0
10443	4017	25	25	4	s	2317	4000	0
10444	4017	25	25	5	s	2318	4000	0
10445	4017	25	25	11	s	664	4000	0
10446	4017	25	25	12	s	665	4000	0
10447	4017	25	25	14	s	667	4000	0
10448	4017	25	25	15	s	666	4000	0
10449	4017	25	25	28	s	3877	4000	0
10450	4033	3802	3802	1	s	3242	403	0
10451	4033	3802	3802	2	s	3244	403	0
10452	4033	3802	3802	3	s	3240	403	0
10453	4033	3802	3802	4	s	3245	403	0
10454	4033	3802	3802	5	s	3243	403	0
10455	4034	3802	3802	1	s	3240	405	0
10456	4036	3802	3802	7	s	3246	2742	0
10457	4036	3802	25	9	s	3247	2742	0
10458	4036	3802	1009	10	s	3248	2742	0
10459	4036	3802	1009	11	s	3249	2742	0
10460	4036	3802	4072	15	s	4012	2742	0
10461	4036	3802	4072	16	s	4013	2742	0
10462	4037	3802	3802	7	s	3246	2742	0
10463	4037	3802	4072	15	s	4012	2742	0
10464	4037	3802	4072	16	s	4013	2742	0
10465	3474	3831	3831	1	s	3893	4000	0
10466	3474	3831	3831	2	s	3895	4000	0
10467	3474	3831	3831	3	s	3888	4000	0
10468	3474	3831	3831	4	s	3896	4000	0
10469	3474	3831	3831	5	s	3894	4000	0
10470	3474	3831	3831	6	s	3897	4000	0
10471	3474	3831	3831	7	s	3890	4000	0
10472	3474	3831	3831	8	s	3892	4000	0
10473	3474	3831	2283	16	s	3889	4000	0
10474	3474	3831	3831	18	s	3882	4000	0
10475	5000	603	603	1	s	493	4000	0
10476	5000	603	603	2	s	494	4000	0
10477	5000	603	603	3	s	500	4000	0
10478	5000	603	603	4	s	495	4000	0
10479	5000	603	603	5	s	496	4000	0
10480	5000	603	603	6	s	499	4000	0
10481	5000	603	603	7	s	498	4000	0
10482	5000	603	603	8	s	497	4000	0
10483	5000	603	603	9	s	2571	4000	0
10484	5000	603	603	10	s	2570	4000	0
10485	5000	603	603	11	s	2573	4000	0
10486	5000	603	603	12	s	2572	4000	0
10487	5000	603	600	15	o	606	4000	1970
10488	5008	604	604	1	s	485	4000	0
10489	5008	604	604	2	s	486	4000	0
10490	5008	604	604	3	s	492	4000	0
10491	5008	604	604	4	s	487	4000	0
10492	5008	604	604	5	s	488	4000	0
10493	5008	604	604	6	s	491	4000	0
10494	5008	604	604	7	s	490	4000	0
10495	5008	604	604	8	s	489	4000	0
10496	5008	604	604	9	s	2575	4000	0
10497	5008	604	604	10	s	2574	4000	0
10498	5008	604	604	11	s	2577	4000	0
10499	5008	604	604	12	s	2576	4000	0
10500	5008	604	600	15	o	3289	4000	1970
10501	3550	869	869	3	s	3552	783	0
10502	3550	869	869	18	s	1201	783	0
10503	3550	869	869	19	s	1202	783	0
10504	3550	869	869	20	s	1203	783	0
10505	3550	869	869	21	s	1204	783	0
10506	3550	869	869	22	s	1205	783	0
10507	3550	869	869	23	s	1206	783	0
10508	3550	869	869	24	s	931	783	0
10509	3550	869	869	25	s	932	783	0
10510	3550	869	869	26	s	933	783	0
10511	3550	869	869	27	s	934	783	0
10512	3794	869	869	3	s	3552	4000	0
10513	3794	869	869	18	s	1201	4000	0
10514	3794	869	869	19	s	1202	4000	0
10515	3794	869	869	20	s	1203	4000	0
10516	3794	869	869	21	s	1204	4000	0
10517	3794	869	869	22	s	1205	4000	0
10518	3794	869	869	23	s	1206	4000	0
10519	3794	869	869	24	s	931	4000	0
10520	3794	869	869	25	s	932	4000	0
10521	3794	869	869	26	s	933	4000	0
10522	3794	869	869	27	s	934	4000	0
10523	4064	17	17	1	s	1957	3580	0
10524	4064	17	17	2	s	1958	3580	0
10525	4064	17	17	3	s	1955	3580	0
10526	4064	17	17	4	s	1960	3580	0
10527	4064	17	17	5	s	1959	3580	0
10528	4578	17	17	1	s	1955	3580	0
10529	4062	18	18	1	s	631	3580	0
10530	4062	18	18	2	s	632	3580	0
10531	4062	18	18	3	s	92	3580	0
10532	4062	18	18	4	s	634	3580	0
10533	4062	18	18	5	s	633	3580	0
10534	4577	18	18	1	s	92	3580	0
10535	4065	19	19	1	s	660	3580	0
10536	4065	19	19	2	s	661	3580	0
10537	4065	19	19	3	s	93	3580	0
10538	4065	19	19	4	s	663	3580	0
10539	4065	19	19	5	s	662	3580	0
10540	4579	19	19	1	s	93	3580	0
10541	4054	20	20	1	s	412	3580	0
10542	4054	20	20	2	s	414	3580	0
10543	4054	20	20	3	s	410	3580	0
10544	4054	20	20	4	s	415	3580	0
10545	4054	20	20	5	s	413	3580	0
10546	4054	20	21	1	s	1870	3580	0
10547	4054	20	21	2	s	1872	3580	0
10548	4054	20	21	3	s	1868	3580	0
10549	4054	20	21	4	s	1873	3580	0
10550	4054	20	21	5	s	1871	3580	0
10551	4054	20	23	1	s	418	3580	0
10552	4054	20	23	2	s	420	3580	0
10553	4054	20	23	3	s	416	3580	0
10554	4054	20	23	4	s	430	3580	0
10555	4054	20	23	5	s	419	3580	0
10556	4054	21	21	1	s	95	3580	0
10557	4054	21	21	2	s	522	3580	0
10558	4054	21	21	3	s	94	3580	0
10559	4054	21	21	4	s	524	3580	0
10560	4054	21	21	5	s	520	3580	0
10561	4054	21	20	1	s	1864	3580	0
10562	4054	21	20	2	s	1866	3580	0
10563	4054	21	20	3	s	1862	3580	0
10564	4054	21	20	4	s	1867	3580	0
10565	4054	21	20	5	s	1865	3580	0
10566	4054	21	23	1	s	534	3580	0
10567	4054	21	23	2	s	540	3580	0
10568	4054	21	23	3	s	532	3580	0
10569	4054	21	23	4	s	542	3580	0
10570	4054	21	23	5	s	536	3580	0
10571	4054	23	23	1	s	97	3580	0
10572	4054	23	23	2	s	523	3580	0
10573	4054	23	23	3	s	96	3580	0
10574	4054	23	23	4	s	525	3580	0
10575	4054	23	23	5	s	521	3580	0
10576	4054	23	21	1	s	535	3580	0
10577	4054	23	21	2	s	541	3580	0
10578	4054	23	21	3	s	533	3580	0
10579	4054	23	21	4	s	543	3580	0
10580	4054	23	21	5	s	537	3580	0
10581	4054	23	20	1	s	37	3580	0
10582	4054	23	20	2	s	80	3580	0
10583	4054	23	20	3	s	15	3580	0
10584	4054	23	20	4	s	82	3580	0
10585	4054	23	20	5	s	76	3580	0
10586	4602	20	20	1	s	412	3580	0
10587	4602	20	20	2	s	414	3580	0
10588	4602	20	20	3	s	410	3580	0
10589	4602	20	20	4	s	415	3580	0
10590	4602	20	20	5	s	413	3580	0
10591	4602	20	21	1	s	1870	3580	0
10592	4602	20	21	2	s	1872	3580	0
10593	4602	20	21	3	s	1868	3580	0
10594	4602	20	21	4	s	1873	3580	0
10595	4602	20	21	5	s	1871	3580	0
10596	4602	20	23	1	s	418	3580	0
10597	4602	20	23	2	s	420	3580	0
10598	4602	20	23	3	s	416	3580	0
10599	4602	20	23	4	s	430	3580	0
10600	4602	20	23	5	s	419	3580	0
10601	4602	21	21	1	s	95	3580	0
10602	4602	21	21	2	s	522	3580	0
10603	4602	21	21	3	s	94	3580	0
10604	4602	21	21	4	s	524	3580	0
10605	4602	21	21	5	s	520	3580	0
10606	4602	21	20	1	s	1864	3580	0
10607	4602	21	20	2	s	1866	3580	0
10608	4602	21	20	3	s	1862	3580	0
10609	4602	21	20	4	s	1867	3580	0
10610	4602	21	20	5	s	1865	3580	0
10611	4602	21	23	1	s	534	3580	0
10612	4602	21	23	2	s	540	3580	0
10613	4602	21	23	3	s	532	3580	0
10614	4602	21	23	4	s	542	3580	0
10615	4602	21	23	5	s	536	3580	0
10616	4602	23	23	1	s	97	3580	0
10617	4602	23	23	2	s	523	3580	0
10618	4602	23	23	3	s	96	3580	0
10619	4602	23	23	4	s	525	3580	0
10620	4602	23	23	5	s	521	3580	0
10621	4602	23	21	1	s	535	3580	0
10622	4602	23	21	2	s	541	3580	0
10623	4602	23	21	3	s	533	3580	0
10624	4602	23	21	4	s	543	3580	0
10625	4602	23	21	5	s	537	3580	0
10626	4602	23	20	1	s	37	3580	0
10627	4602	23	20	2	s	80	3580	0
10628	4602	23	20	3	s	15	3580	0
10629	4602	23	20	4	s	82	3580	0
10630	4602	23	20	5	s	76	3580	0
10631	4572	20	20	1	s	410	3580	0
10632	4572	21	21	1	s	94	3580	0
10633	4572	23	23	1	s	96	3580	0
10634	4056	25	25	1	s	664	3580	0
10635	4056	25	25	2	s	665	3580	0
10636	4056	25	25	3	s	98	3580	0
10637	4056	25	25	4	s	667	3580	0
10638	4056	25	25	5	s	666	3580	0
10639	4573	25	25	1	s	98	3580	0
10640	4068	26	26	1	s	609	3580	0
10641	4068	26	26	2	s	611	3580	0
10642	4068	26	26	3	s	607	3580	0
10643	4068	26	26	4	s	612	3580	0
10644	4068	26	26	5	s	610	3580	0
10645	4606	26	26	1	s	609	3580	0
10646	4606	26	26	2	s	611	3580	0
10647	4606	26	26	3	s	607	3580	0
10648	4606	26	26	4	s	612	3580	0
10649	4606	26	26	5	s	610	3580	0
10650	4580	26	26	1	s	607	3580	0
10651	4069	27	27	1	s	2799	3580	0
10652	4069	27	27	2	s	2801	3580	0
10653	4069	27	27	3	s	387	3580	0
10654	4069	27	27	4	s	2802	3580	0
10655	4069	27	27	5	s	2800	3580	0
10656	4581	27	27	1	s	387	3580	0
10657	4607	27	27	1	s	2799	3580	0
10658	4607	27	27	2	s	2801	3580	0
10659	4607	27	27	3	s	387	3580	0
10660	4607	27	27	4	s	2802	3580	0
10661	4607	27	27	5	s	2800	3580	0
10662	4070	700	700	1	s	622	3580	0
10663	4070	700	700	2	s	624	3580	0
10664	4070	700	700	3	s	620	3580	0
10665	4070	700	700	4	s	625	3580	0
10666	4070	700	700	5	s	623	3580	0
10667	4070	700	701	1	s	1122	3580	0
10668	4070	700	701	2	s	1124	3580	0
10669	4070	700	701	3	s	1120	3580	0
10670	4070	700	701	4	s	1125	3580	0
10671	4070	700	701	5	s	1123	3580	0
10672	4070	701	700	1	s	1132	3580	0
10673	4070	701	700	2	s	1134	3580	0
10674	4070	701	700	3	s	1130	3580	0
10675	4070	701	700	4	s	1135	3580	0
10676	4070	701	700	5	s	1133	3580	0
10677	4070	701	701	1	s	672	3580	0
10678	4070	701	701	2	s	673	3580	0
10679	4070	701	701	3	s	670	3580	0
10680	4070	701	701	4	s	675	3580	0
10681	4070	701	701	5	s	674	3580	0
10682	4608	700	700	1	s	622	3580	0
10683	4608	700	700	2	s	624	3580	0
10684	4608	700	700	3	s	620	3580	0
10685	4608	700	700	4	s	625	3580	0
10686	4608	700	700	5	s	623	3580	0
10687	4608	700	701	1	s	1122	3580	0
10688	4608	700	701	2	s	1124	3580	0
10689	4608	700	701	3	s	1120	3580	0
10690	4608	700	701	4	s	1125	3580	0
10691	4608	700	701	5	s	1123	3580	0
10692	4608	701	700	1	s	1132	3580	0
10693	4608	701	700	2	s	1134	3580	0
10694	4608	701	700	3	s	1130	3580	0
10695	4608	701	700	4	s	1135	3580	0
10696	4608	701	700	5	s	1133	3580	0
10697	4608	701	701	1	s	672	3580	0
10698	4608	701	701	2	s	673	3580	0
10699	4608	701	701	3	s	670	3580	0
10700	4608	701	701	4	s	675	3580	0
10701	4608	701	701	5	s	674	3580	0
10702	4582	700	700	1	s	620	3580	0
10703	4582	701	701	1	s	670	3580	0
10704	4074	829	829	1	s	1222	3580	0
10705	4074	829	829	2	s	1223	3580	0
10706	4074	829	829	3	s	1220	3580	0
10707	4074	829	829	4	s	1225	3580	0
10708	4074	829	829	5	s	1224	3580	0
10709	4609	829	829	1	s	1222	3580	0
10710	4609	829	829	2	s	1223	3580	0
10711	4609	829	829	3	s	1220	3580	0
10712	4609	829	829	4	s	1225	3580	0
10713	4609	829	829	5	s	1224	3580	0
10714	4583	829	829	1	s	1220	3580	0
10715	4109	774	774	1	s	3364	3580	0
10716	4109	774	774	2	s	3365	3580	0
10717	4109	774	774	3	s	3362	3580	0
10718	4109	774	774	4	s	3367	3580	0
10719	4109	774	774	5	s	3366	3580	0
10720	4610	774	774	1	s	3364	3580	0
10721	4610	774	774	2	s	3365	3580	0
10722	4610	774	774	3	s	3362	3580	0
10723	4610	774	774	4	s	3367	3580	0
10724	4610	774	774	5	s	3366	3580	0
10725	4584	774	774	1	s	3362	3580	0
10726	4075	869	869	1	s	1203	3580	0
10727	4075	869	869	2	s	1204	3580	0
10728	4075	869	869	3	s	1201	3580	0
10729	4075	869	869	4	s	1206	3580	0
10730	4075	869	869	5	s	1205	3580	0
10731	4611	869	869	1	s	1203	3580	0
10732	4611	869	869	2	s	1204	3580	0
10733	4611	869	869	3	s	1201	3580	0
10734	4611	869	869	4	s	1206	3580	0
10735	4611	869	869	5	s	1205	3580	0
10736	4585	869	869	1	s	1201	3580	0
10737	4102	869	869	3	s	3552	3580	0
10738	4102	869	869	7	s	934	3580	0
10739	4102	869	869	8	s	932	3580	0
10740	4102	869	869	18	s	1201	3580	0
10741	4102	869	869	24	s	933	3580	0
10742	4102	869	869	26	s	931	3580	0
10743	4076	1042	1042	1	s	1058	3580	0
10744	4076	1042	1042	2	s	1059	3580	0
10745	4076	1042	1042	3	s	1054	3580	0
10746	4076	1042	1042	4	s	1061	3580	0
10747	4076	1042	1042	5	s	1060	3580	0
10748	4586	1042	1042	1	s	1054	3580	0
10749	4077	1083	1083	1	s	1110	3580	0
10750	4077	1083	1083	2	s	1111	3580	0
10751	4077	1083	1083	3	s	1108	3580	0
10752	4077	1083	1083	4	s	1113	3580	0
10753	4077	1083	1083	5	s	1112	3580	0
10754	4612	1083	1083	1	s	1110	3580	0
10755	4612	1083	1083	2	s	1111	3580	0
10756	4612	1083	1083	3	s	1108	3580	0
10757	4612	1083	1083	4	s	1113	3580	0
10758	4612	1083	1083	5	s	1112	3580	0
10759	4587	1083	1083	1	s	1108	3580	0
10760	4059	1114	1114	1	s	2062	3580	0
10761	4059	1114	1114	2	s	2063	3580	0
10762	4059	1114	1114	3	s	2060	3580	0
10763	4059	1114	1114	4	s	2065	3580	0
10764	4059	1114	1114	5	s	2064	3580	0
10765	4059	1114	1082	1	s	2371	3580	0
10766	4059	1114	1082	2	s	2372	3580	0
10767	4059	1114	1082	3	s	2373	3580	0
10768	4059	1114	1082	4	s	2374	3580	0
10769	4059	1114	1082	5	s	2375	3580	0
10770	4059	1114	1184	1	s	2534	3580	0
10771	4059	1114	1184	2	s	2535	3580	0
10772	4059	1114	1184	3	s	2536	3580	0
10773	4059	1114	1184	4	s	2537	3580	0
10774	4059	1114	1184	5	s	2538	3580	0
10775	4059	1082	1082	1	s	1095	3580	0
10776	4059	1082	1082	2	s	1096	3580	0
10777	4059	1082	1082	3	s	1093	3580	0
10778	4059	1082	1082	4	s	1098	3580	0
10779	4059	1082	1082	5	s	1097	3580	0
10780	4059	1082	1114	1	s	2345	3580	0
10781	4059	1082	1114	2	s	2346	3580	0
10782	4059	1082	1114	3	s	2347	3580	0
10783	4059	1082	1114	4	s	2348	3580	0
10784	4059	1082	1114	5	s	2349	3580	0
10785	4059	1082	1184	1	s	2358	3580	0
10786	4059	1082	1184	2	s	2359	3580	0
10787	4059	1082	1184	3	s	2360	3580	0
10788	4059	1082	1184	4	s	2361	3580	0
10789	4059	1082	1184	5	s	2362	3580	0
10790	4059	1184	1082	1	s	2384	3580	0
10791	4059	1184	1082	2	s	2385	3580	0
10792	4059	1184	1082	3	s	2386	3580	0
10793	4059	1184	1082	4	s	2387	3580	0
10794	4059	1184	1082	5	s	2388	3580	0
10795	4059	1184	1114	1	s	2540	3580	0
10796	4059	1184	1114	2	s	2541	3580	0
10797	4059	1184	1114	3	s	2542	3580	0
10798	4059	1184	1114	4	s	2543	3580	0
10799	4059	1184	1114	5	s	2544	3580	0
10800	4059	1184	1184	1	s	1322	3580	0
10801	4059	1184	1184	2	s	1323	3580	0
10802	4059	1184	1184	3	s	1320	3580	0
10803	4059	1184	1184	4	s	1325	3580	0
10804	4059	1184	1184	5	s	1324	3580	0
10805	4605	1114	1114	1	s	2062	3580	0
10806	4605	1114	1114	2	s	2063	3580	0
10807	4605	1114	1114	3	s	2060	3580	0
10808	4605	1114	1114	4	s	2065	3580	0
10809	4605	1114	1114	5	s	2064	3580	0
10810	4605	1114	1082	1	s	2371	3580	0
10811	4605	1114	1082	2	s	2372	3580	0
10812	4605	1114	1082	3	s	2373	3580	0
10813	4605	1114	1082	4	s	2374	3580	0
10814	4605	1114	1082	5	s	2375	3580	0
10815	4605	1114	1184	1	s	2534	3580	0
10816	4605	1114	1184	2	s	2535	3580	0
10817	4605	1114	1184	3	s	2536	3580	0
10818	4605	1114	1184	4	s	2537	3580	0
10819	4605	1114	1184	5	s	2538	3580	0
10820	4605	1082	1082	1	s	1095	3580	0
10821	4605	1082	1082	2	s	1096	3580	0
10822	4605	1082	1082	3	s	1093	3580	0
10823	4605	1082	1082	4	s	1098	3580	0
10824	4605	1082	1082	5	s	1097	3580	0
10825	4605	1082	1114	1	s	2345	3580	0
10826	4605	1082	1114	2	s	2346	3580	0
10827	4605	1082	1114	3	s	2347	3580	0
10828	4605	1082	1114	4	s	2348	3580	0
10829	4605	1082	1114	5	s	2349	3580	0
10830	4605	1082	1184	1	s	2358	3580	0
10831	4605	1082	1184	2	s	2359	3580	0
10832	4605	1082	1184	3	s	2360	3580	0
10833	4605	1082	1184	4	s	2361	3580	0
10834	4605	1082	1184	5	s	2362	3580	0
10835	4605	1184	1082	1	s	2384	3580	0
10836	4605	1184	1082	2	s	2385	3580	0
10837	4605	1184	1082	3	s	2386	3580	0
10838	4605	1184	1082	4	s	2387	3580	0
10839	4605	1184	1082	5	s	2388	3580	0
10840	4605	1184	1114	1	s	2540	3580	0
10841	4605	1184	1114	2	s	2541	3580	0
10842	4605	1184	1114	3	s	2542	3580	0
10843	4605	1184	1114	4	s	2543	3580	0
10844	4605	1184	1114	5	s	2544	3580	0
10845	4605	1184	1184	1	s	1322	3580	0
10846	4605	1184	1184	2	s	1323	3580	0
10847	4605	1184	1184	3	s	1320	3580	0
10848	4605	1184	1184	4	s	1325	3580	0
10849	4605	1184	1184	5	s	1324	3580	0
10850	4576	1114	1114	1	s	2060	3580	0
10851	4576	1082	1082	1	s	1093	3580	0
10852	4576	1184	1184	1	s	1320	3580	0
10853	4078	1186	1186	1	s	1332	3580	0
10854	4078	1186	1186	2	s	1333	3580	0
10855	4078	1186	1186	3	s	1330	3580	0
10856	4078	1186	1186	4	s	1335	3580	0
10857	4078	1186	1186	5	s	1334	3580	0
10858	4613	1186	1186	1	s	1332	3580	0
10859	4613	1186	1186	2	s	1333	3580	0
10860	4613	1186	1186	3	s	1330	3580	0
10861	4613	1186	1186	4	s	1335	3580	0
10862	4613	1186	1186	5	s	1334	3580	0
10863	4588	1186	1186	1	s	1330	3580	0
10864	4058	1266	1266	1	s	1552	3580	0
10865	4058	1266	1266	2	s	1553	3580	0
10866	4058	1266	1266	3	s	1550	3580	0
10867	4058	1266	1266	4	s	1555	3580	0
10868	4058	1266	1266	5	s	1554	3580	0
10869	4604	1266	1266	1	s	1552	3580	0
10870	4604	1266	1266	2	s	1553	3580	0
10871	4604	1266	1266	3	s	1550	3580	0
10872	4604	1266	1266	4	s	1555	3580	0
10873	4604	1266	1266	5	s	1554	3580	0
10874	4575	1266	1266	1	s	1550	3580	0
10875	4079	1560	1560	1	s	1786	3580	0
10876	4079	1560	1560	2	s	1788	3580	0
10877	4079	1560	1560	3	s	1784	3580	0
10878	4079	1560	1560	4	s	1789	3580	0
10879	4079	1560	1560	5	s	1787	3580	0
10880	4080	1562	1562	1	s	1806	3580	0
10881	4080	1562	1562	2	s	1808	3580	0
10882	4080	1562	1562	3	s	1804	3580	0
10883	4080	1562	1562	4	s	1809	3580	0
10884	4080	1562	1562	5	s	1807	3580	0
10885	4055	1700	1700	1	s	1754	3580	0
10886	4055	1700	1700	2	s	1755	3580	0
10887	4055	1700	1700	3	s	1752	3580	0
10888	4055	1700	1700	4	s	1757	3580	0
10889	4055	1700	1700	5	s	1756	3580	0
10890	4603	1700	1700	1	s	1754	3580	0
10891	4603	1700	1700	2	s	1755	3580	0
10892	4603	1700	1700	3	s	1752	3580	0
10893	4603	1700	1700	4	s	1757	3580	0
10894	4603	1700	1700	5	s	1756	3580	0
10895	4574	1700	1700	1	s	1752	3580	0
10896	4081	2950	2950	1	s	2974	3580	0
10897	4081	2950	2950	2	s	2976	3580	0
10898	4081	2950	2950	3	s	2972	3580	0
10899	4081	2950	2950	4	s	2977	3580	0
10900	4081	2950	2950	5	s	2975	3580	0
10901	4614	2950	2950	1	s	2974	3580	0
10902	4614	2950	2950	2	s	2976	3580	0
10903	4614	2950	2950	3	s	2972	3580	0
10904	4614	2950	2950	4	s	2977	3580	0
10905	4614	2950	2950	5	s	2975	3580	0
10906	4589	2950	2950	1	s	2972	3580	0
10907	4103	3831	3831	1	s	3893	3580	0
10908	4103	3831	3831	2	s	3895	3580	0
10909	4103	3831	3831	3	s	3888	3580	0
10910	4103	3831	3831	4	s	3896	3580	0
10911	4103	3831	3831	5	s	3894	3580	0
10912	4103	3831	3831	7	s	3890	3580	0
10913	4103	3831	3831	8	s	3892	3580	0
10914	4103	3831	2283	16	s	3889	3580	0
10915	4103	3831	3831	17	s	3897	3580	0
10916	4103	3831	3831	18	s	3882	3580	0
10917	4103	3831	3831	20	s	3884	3580	0
10918	4103	3831	3831	21	s	3885	3580	0
10919	4103	3831	3831	22	s	3887	3580	0
10920	4103	3831	3831	23	s	3886	3580	0
10921	4082	3220	3220	1	s	3224	3580	0
10922	4082	3220	3220	2	s	3226	3580	0
10923	4082	3220	3220	3	s	3222	3580	0
10924	4082	3220	3220	4	s	3227	3580	0
10925	4082	3220	3220	5	s	3225	3580	0
10926	4615	3220	3220	1	s	3224	3580	0
10927	4615	3220	3220	2	s	3226	3580	0
10928	4615	3220	3220	3	s	3222	3580	0
10929	4615	3220	3220	4	s	3227	3580	0
10930	4615	3220	3220	5	s	3225	3580	0
10931	4590	3220	3220	1	s	3222	3580	0
10932	4104	603	603	1	s	493	3580	0
10933	4104	603	603	2	s	494	3580	0
10934	4104	603	603	3	s	500	3580	0
10935	4104	603	603	4	s	495	3580	0
10936	4104	603	603	5	s	496	3580	0
10937	4104	603	603	6	s	499	3580	0
10938	4104	603	603	7	s	498	3580	0
10939	4104	603	603	8	s	497	3580	0
10940	4104	603	603	9	s	2571	3580	0
10941	4104	603	603	10	s	2570	3580	0
10942	4104	603	603	11	s	2573	3580	0
10943	4104	603	603	12	s	2572	3580	0
10944	4104	603	600	7	s	433	3580	0
