10000	397	2277	2277	1	382
10001	423	1560	1560	1	1596
10002	423	1560	1560	4	5051
10003	424	16	16	1	1693
10004	424	16	16	6	6408
10005	424	16	16	4	5051
10006	426	1042	1042	1	1078
10007	426	1042	1042	2	3328
10008	426	1042	1042	4	5050
10009	428	17	17	1	1954
10010	428	17	17	2	3331
10011	428	17	17	4	5051
10012	429	18	18	1	358
10013	429	18	18	4	5051
10014	429	18	18	6	6406
10015	434	1082	1082	1	1092
10016	434	1082	1082	2	3136
10017	434	1082	1082	4	5051
10018	434	1082	1082	6	6407
10019	434	1082	1114	1	2344
10020	434	1082	1184	1	2357
10021	434	1114	1114	1	2045
10022	434	1114	1114	2	3137
10023	434	1114	1114	4	5051
10024	434	1114	1114	6	6409
10025	434	1114	1082	1	2370
10026	434	1114	1184	1	2526
10027	434	1184	1184	1	1314
10028	434	1184	1184	2	3137
10029	434	1184	1184	4	5051
10030	434	1184	1184	6	6409
10031	434	1184	1082	1	2383
10032	434	1184	1114	1	2533
10033	434	1082	1186	3	4133
10034	434	1114	1186	3	4134
10035	434	1184	1186	3	4135
10036	1970	700	700	1	354
10037	1970	700	700	2	3132
10038	1970	700	701	1	2194
10039	1970	701	701	1	355
10040	1970	701	701	2	3133
10041	1970	701	700	1	2195
10042	1970	701	701	3	4139
10043	1970	700	701	3	4140
10044	1974	869	869	1	926
10045	1974	869	869	2	5033
10046	1974	869	869	4	5051
10047	1976	21	21	1	350
10048	1976	21	21	2	3129
10049	1976	21	21	4	5051
10050	1976	21	21	6	6402
10051	1976	21	23	1	2190
10052	1976	21	20	1	2192
10053	1976	21	20	3	4130
10054	1976	21	23	3	4131
10055	1976	21	21	3	4132
10056	1976	23	23	1	351
10057	1976	23	23	2	3130
10058	1976	23	23	4	5051
10059	1976	23	23	6	6403
10060	1976	23	20	1	2188
10061	1976	23	21	1	2191
10062	1976	23	20	3	4127
10063	1976	23	23	3	4128
10064	1976	23	21	3	4129
10065	1976	20	20	1	842
10066	1976	20	20	2	3131
10067	1976	20	20	4	5051
10068	1976	20	20	6	6404
10069	1976	20	23	1	2189
10070	1976	20	21	1	2193
10071	1976	20	20	3	4126
10072	1982	1186	1186	1	1315
10073	1982	1186	1186	3	4136
10074	1984	829	829	1	836
10075	1984	829	829	2	3359
10076	1984	829	829	4	5051
10077	1988	1700	1700	1	1769
10078	1988	1700	1700	2	3283
10079	1988	1700	1700	3	4141
10080	1989	26	26	1	356
10081	1989	26	26	2	3134
10082	1989	26	26	4	5051
10083	1989	26	26	6	6405
10084	1991	30	30	1	404
10085	1991	30	30	4	5051
10086	1994	25	25	1	360
10087	1994	25	25	2	3255
10088	1994	25	25	4	5050
10089	1994	19	19	1	359
10090	1994	19	19	2	3135
10091	1994	19	19	4	5050
10092	1994	19	25	1	246
10093	1994	25	19	1	253
10094	1996	1083	1083	1	1107
10095	1996	1083	1083	4	5051
10096	1996	1083	1186	3	4137
10097	2000	1266	1266	1	1358
10098	2000	1266	1266	4	5051
10099	2000	1266	1186	3	4138
10100	2002	1562	1562	1	1672
10101	2002	1562	1562	4	5051
10102	2095	25	25	1	2166
10103	2095	25	25	2	3332
10104	2095	25	25	4	5051
10105	2097	1042	1042	1	2180
10106	2097	1042	1042	2	3333
10107	2097	1042	1042	4	5051
10108	2099	790	790	1	377
10109	2099	790	790	4	5051
10110	2789	27	27	1	2794
10111	2789	27	27	4	5051
10112	2968	2950	2950	1	2960
10113	2968	2950	2950	2	3300
10114	2968	2950	2950	4	5051
10115	2968	2950	2950	6	6410
10116	2994	2249	2249	1	2987
10117	3194	2249	2249	1	3187
10118	3253	3220	3220	1	3251
10119	3253	3220	3220	4	5051
10120	3371	774	774	1	4119
10121	3371	774	774	4	5051
10122	3522	3500	3500	1	3514
10123	3522	3500	3500	4	5051
10124	3626	3614	3614	1	3622
10125	3683	3615	3615	1	3668
10126	3901	3831	3831	1	3870
10127	3901	3831	3831	2	6391
10128	4199	4537	4537	1	4273
10129	4033	3802	3802	1	4044
10130	5067	5069	5069	1	5096
10131	5067	5069	5069	4	5051
10132	427	1042	1042	1	1080
10133	427	1042	1042	2	972
10134	431	18	18	1	454
10135	431	18	18	2	446
10136	435	1082	1082	1	6415
10137	435	1082	1082	2	6416
10138	627	2277	2277	1	626
10139	627	2277	2277	2	782
10140	1971	700	700	1	451
10141	1971	700	700	2	443
10142	1971	701	701	1	452
10143	1971	701	701	2	444
10144	1975	869	869	1	422
10145	1975	869	869	2	779
10146	1977	21	21	1	449
10147	1977	21	21	2	441
10148	1977	23	23	1	450
10149	1977	23	23	2	425
10150	1977	20	20	1	949
10151	1977	20	20	2	442
10152	1983	1186	1186	1	1697
10153	1983	1186	1186	2	3418
10154	1985	829	829	1	399
10155	1985	829	829	2	778
10156	1990	26	26	1	453
10157	1990	26	26	2	445
10158	1992	30	30	1	457
10159	1992	30	30	2	776
10160	1995	25	25	1	400
10161	1995	25	25	2	448
10162	1995	19	19	1	455
10163	1995	19	19	2	447
10164	1997	1083	1083	1	1688
10165	1997	1083	1083	2	3409
10166	1998	1700	1700	1	432
10167	1998	1700	1700	2	780
10168	1999	1184	1184	1	6425
10169	1999	1184	1184	2	6426
10170	2001	1266	1266	1	1696
10171	2001	1266	1266	2	3410
10172	2040	1114	1114	1	2039
10173	2040	1114	1114	2	3411
10174	2222	16	16	1	6417
10175	2222	16	16	2	6418
10176	2223	17	17	1	6413
10177	2223	17	17	2	6414
10178	2225	28	28	1	6419
10179	2225	28	28	2	6420
10180	5032	5069	5069	1	6421
10181	5032	5069	5069	2	6422
10182	2226	29	29	1	6423
10183	2226	29	29	2	6424
10184	2227	27	27	1	2233
10185	2227	27	27	2	2234
10186	2229	25	25	1	400
10187	2229	25	25	2	448
10188	2231	1042	1042	1	1080
10189	2231	1042	1042	2	972
10190	2235	1033	1033	1	329
10191	2235	1033	1033	2	777
10192	2969	2950	2950	1	2963
10193	2969	2950	2950	2	3412
10194	6194	2249	2249	1	6192
10195	6194	2249	2249	2	6193
10196	3254	3220	3220	1	3252
10197	3254	3220	3220	2	3413
10198	3372	774	774	1	328
10199	3372	774	774	2	781
10200	3523	3500	3500	1	3515
10201	3523	3500	3500	2	3414
10202	3903	3831	3831	1	3902
10203	3903	3831	3831	2	3417
10204	4225	4537	4537	1	4278
10205	4225	4537	4537	2	4279
10206	4034	3802	3802	1	4045
10207	4034	3802	3802	2	3416
10208	1029	600	600	1	2179
10209	1029	600	600	2	2583
10210	1029	600	600	3	1030
10211	1029	600	600	5	2581
10212	1029	600	600	6	2582
10213	1029	600	600	7	2584
10214	1029	600	600	8	3064
10215	1029	600	600	9	3282
10216	1029	600	600	11	3435
10217	2593	603	603	1	2578
10218	2593	603	603	2	2583
10219	2593	603	603	5	2581
10220	2593	603	603	6	2582
10221	2593	603	603	7	2584
10222	2593	603	603	8	3998
10223	2593	2276	2276	12	6347
10224	2594	604	604	1	2585
10225	2594	604	604	2	2583
10226	2594	604	604	3	2586
10227	2594	604	604	5	2581
10228	2594	604	604	6	2582
10229	2594	604	604	7	2584
10230	2594	604	604	8	3288
10231	2594	2276	2276	12	6347
10232	2595	718	718	1	2591
10233	2595	718	718	2	2583
10234	2595	718	718	3	2592
10235	2595	718	718	5	2581
10236	2595	718	718	6	2582
10237	2595	718	718	7	2584
10238	2595	718	718	8	3280
10239	2595	2276	2276	12	6347
10240	3655	3614	3614	1	3654
10241	3655	3614	3614	2	3651
10242	3655	3614	3614	3	3648
10243	3655	3614	3614	4	3649
10244	3655	3614	3614	5	3653
10245	3655	3614	3614	6	3650
10246	3655	3614	3614	7	3652
10247	3655	3614	3614	10	3434
10248	3702	3615	3615	1	3701
10249	3702	3615	3615	2	3698
10250	3702	3615	3615	3	3695
10251	3702	3615	3615	5	3700
10252	3702	3615	3615	6	3697
10253	3702	3615	3615	7	3699
10254	3919	3831	3831	1	3875
10255	3919	3831	3831	2	3876
10256	3919	3831	3831	5	3879
10257	3919	3831	3831	6	3880
10258	3919	3831	3831	7	3881
10259	3919	3831	3831	11	6391
10260	3919	2276	2276	12	6347
10261	3550	869	869	1	3553
10262	3550	869	869	2	3554
10263	3550	869	869	3	3555
10264	3550	869	869	5	3557
10265	3550	869	869	6	3558
10266	3550	869	869	7	3559
10267	3550	869	869	9	3573
10268	3550	2276	2276	12	6347
10269	6158	4537	4537	1	6154
10270	6158	4537	4537	2	3876
10271	6158	4537	4537	3	6156
10272	6158	4537	4537	5	3879
10273	6158	4537	4537	6	3880
10274	6158	4537	4537	7	3881
10275	6158	2276	2276	12	6347
10276	2745	2277	2277	2	2743
10277	2745	2277	2277	3	2774
10278	2745	2277	2277	4	2744
10279	2745	2277	2277	6	3920
10280	3659	3614	3614	1	3724
10281	3659	3614	3614	2	3656
10282	3659	3614	3614	3	3657
10283	3659	3614	3614	4	3658
10284	3659	3614	3614	5	2700
10285	3659	3614	3614	6	3921
10286	4036	3802	3802	1	3480
10287	4036	3802	3802	2	3482
10288	4036	3802	3802	3	3483
10289	4036	3802	3802	4	3484
10290	4036	3802	3802	6	3488
10291	4037	3802	3802	1	351
10292	4037	3802	3802	2	3485
10293	4037	3802	3802	3	3486
10294	4037	3802	3802	4	3487
10295	4037	3802	3802	6	3489
10296	3474	3831	3831	1	3469
10297	3474	3831	3831	2	3470
10298	3474	3831	3831	3	3471
10299	3474	3831	3831	4	3472
10300	3474	3831	3831	5	3473
10301	3794	869	869	1	3795
10302	3794	869	869	2	3796
10303	3794	869	869	3	3797
10304	3794	869	869	4	3798
10305	3794	869	869	5	3799
10306	4015	600	600	1	4018
10307	4015	600	600	2	4019
10308	4015	600	600	3	4020
10309	4015	600	600	4	4021
10310	4015	600	600	5	4022
10311	4016	600	600	1	4023
10312	4016	600	600	2	4024
10313	4016	600	600	3	4025
10314	4016	600	600	4	4026
10315	4016	600	600	5	4022
10316	4017	25	25	1	4027
10317	4017	25	25	2	4028
10318	4017	25	25	3	4029
10319	4017	25	25	4	4030
10320	4017	25	25	5	4031
10321	5000	603	603	1	5012
10322	5000	603	603	2	5013
10323	5000	603	603	3	5014
10324	5000	603	603	4	5015
10325	5000	603	603	5	5016
10326	5008	604	604	1	5010
10327	5008	604	604	2	5013
10328	5008	604	604	3	5014
10329	5008	604	604	4	5015
10330	5008	604	604	5	5016
10331	5008	604	604	6	5011
10332	4064	17	17	1	3383
10333	4064	17	17	2	3384
10334	4064	17	17	3	3385
10335	4064	17	17	4	3386
10336	4578	17	17	1	4591
10337	4578	17	17	2	4592
10338	4578	17	17	3	4593
10339	4578	17	17	4	4594
10340	4578	17	17	5	4595
10341	4578	17	17	11	6413
10342	4062	18	18	1	3383
10343	4062	18	18	2	3384
10344	4062	18	18	3	3385
10345	4062	18	18	4	3386
10346	4577	18	18	1	4591
10347	4577	18	18	2	4592
10348	4577	18	18	3	4593
10349	4577	18	18	4	4594
10350	4577	18	18	5	4595
10351	4577	18	18	11	454
10352	4065	19	19	1	3383
10353	4065	19	19	2	3384
10354	4065	19	19	3	3385
10355	4065	19	19	4	3386
10356	4579	19	19	1	4591
10357	4579	19	19	2	4592
10358	4579	19	19	3	4593
10359	4579	19	19	4	4594
10360	4579	19	19	5	4595
10361	4579	19	19	11	455
10362	4054	20	20	1	3383
10363	4054	20	20	2	3384
10364	4054	20	20	3	3385
10365	4054	20	20	4	3386
10366	4054	21	21	1	3383
10367	4054	21	21	2	3384
10368	4054	21	21	3	3385
10369	4054	21	21	4	3386
10370	4054	23	23	1	3383
10371	4054	23	23	2	3384
10372	4054	23	23	3	3385
10373	4054	23	23	4	3386
10374	4602	21	21	1	4616
10375	4602	21	21	2	4617
10376	4602	21	21	3	4618
10377	4602	21	21	4	4619
10378	4602	21	21	5	4620
10379	4602	21	21	11	4621
10380	4602	23	23	1	4616
10381	4602	23	23	2	4617
10382	4602	23	23	3	4618
10383	4602	23	23	4	4619
10384	4602	23	23	5	4620
10385	4602	23	23	11	4622
10386	4602	20	20	1	4616
10387	4602	20	20	2	4617
10388	4602	20	20	3	4618
10389	4602	20	20	4	4619
10390	4602	20	20	5	4620
10391	4602	20	20	11	4623
10392	4572	20	20	1	4591
10393	4572	20	20	2	4592
10394	4572	20	20	3	4593
10395	4572	20	20	4	4594
10396	4572	20	20	5	4595
10397	4572	20	20	11	949
10398	4572	21	21	1	4591
10399	4572	21	21	2	4592
10400	4572	21	21	3	4593
10401	4572	21	21	4	4594
10402	4572	21	21	5	4595
10403	4572	21	21	11	449
10404	4572	23	23	1	4591
10405	4572	23	23	2	4592
10406	4572	23	23	3	4593
10407	4572	23	23	4	4594
10408	4572	23	23	5	4595
10409	4572	23	23	11	450
10410	4056	25	25	1	3383
10411	4056	25	25	2	3384
10412	4056	25	25	3	3385
10413	4056	25	25	4	3386
10414	4573	25	25	1	4591
10415	4573	25	25	2	4592
10416	4573	25	25	3	4593
10417	4573	25	25	4	4594
10418	4573	25	25	5	4595
10419	4573	25	25	11	400
10420	4068	26	26	1	3383
10421	4068	26	26	2	3384
10422	4068	26	26	3	3385
10423	4068	26	26	4	3386
10424	4606	26	26	1	4616
10425	4606	26	26	2	4617
10426	4606	26	26	3	4618
10427	4606	26	26	4	4619
10428	4606	26	26	5	4620
10429	4606	26	26	11	4622
10430	4580	26	26	1	4591
10431	4580	26	26	2	4592
10432	4580	26	26	3	4593
10433	4580	26	26	4	4594
10434	4580	26	26	5	4595
10435	4580	26	26	11	453
10436	4069	27	27	1	3383
10437	4069	27	27	2	3384
10438	4069	27	27	3	3385
10439	4069	27	27	4	3386
10440	4581	27	27	1	4591
10441	4581	27	27	2	4592
10442	4581	27	27	3	4593
10443	4581	27	27	4	4594
10444	4581	27	27	5	4595
10445	4581	27	27	11	2233
10446	4607	27	27	1	4616
10447	4607	27	27	2	4617
10448	4607	27	27	3	4618
10449	4607	27	27	4	4619
10450	4607	27	27	5	4620
10451	4607	27	27	11	4627
10452	4070	700	700	1	3383
10453	4070	700	700	2	3384
10454	4070	700	700	3	3385
10455	4070	700	700	4	3386
10456	4070	701	701	1	3383
10457	4070	701	701	2	3384
10458	4070	701	701	3	3385
10459	4070	701	701	4	3386
10460	4608	700	700	1	4616
10461	4608	700	700	2	4617
10462	4608	700	700	3	4618
10463	4608	700	700	4	4619
10464	4608	700	700	5	4620
10465	4608	700	700	11	4624
10466	4608	701	701	1	4616
10467	4608	701	701	2	4617
10468	4608	701	701	3	4618
10469	4608	701	701	4	4619
10470	4608	701	701	5	4620
10471	4608	701	701	11	4625
10472	4582	700	700	1	4591
10473	4582	700	700	2	4592
10474	4582	700	700	3	4593
10475	4582	700	700	4	4594
10476	4582	700	700	5	4595
10477	4582	700	700	11	451
10478	4582	701	701	1	4591
10479	4582	701	701	2	4592
10480	4582	701	701	3	4593
10481	4582	701	701	4	4594
10482	4582	701	701	5	4595
10483	4582	701	701	11	452
10484	4074	829	829	1	3383
10485	4074	829	829	2	3384
10486	4074	829	829	3	3385
10487	4074	829	829	4	3386
10488	4609	829	829	1	4616
10489	4609	829	829	2	4617
10490	4609	829	829	3	4618
10491	4609	829	829	4	4619
10492	4609	829	829	5	4620
10493	4609	829	829	11	4634
10494	4583	829	829	1	4591
10495	4583	829	829	2	4592
10496	4583	829	829	3	4593
10497	4583	829	829	4	4594
10498	4583	829	829	5	4595
10499	4583	829	829	11	399
10500	4109	774	774	1	3383
10501	4109	774	774	2	3384
10502	4109	774	774	3	3385
10503	4109	774	774	4	3386
10504	4610	774	774	1	4616
10505	4610	774	774	2	4617
10506	4610	774	774	3	4618
10507	4610	774	774	4	4619
10508	4610	774	774	5	4620
10509	4610	774	774	11	4635
10510	4584	774	774	1	4591
10511	4584	774	774	2	4592
10512	4584	774	774	3	4593
10513	4584	774	774	4	4594
10514	4584	774	774	5	4595
10515	4584	774	774	11	328
10516	4075	869	869	1	3383
10517	4075	869	869	2	3384
10518	4075	869	869	3	3385
10519	4075	869	869	4	3386
10520	4611	869	869	1	4616
10521	4611	869	869	2	4617
10522	4611	869	869	3	4618
10523	4611	869	869	4	4619
10524	4611	869	869	5	4620
10525	4611	869	869	11	4636
10526	4585	869	869	1	4591
10527	4585	869	869	2	4592
10528	4585	869	869	3	4593
10529	4585	869	869	4	4594
10530	4585	869	869	5	4595
10531	4585	869	869	11	422
10532	4102	869	869	1	4105
10533	4102	869	869	2	4106
10534	4102	869	869	3	4107
10535	4102	869	869	4	4108
10536	4102	869	869	11	4063
10537	4102	869	869	12	4071
10538	4102	869	869	13	930
10539	4076	1042	1042	1	3383
10540	4076	1042	1042	2	3384
10541	4076	1042	1042	3	3385
10542	4076	1042	1042	4	3386
10543	4586	1042	1042	1	4591
10544	4586	1042	1042	2	4592
10545	4586	1042	1042	3	4593
10546	4586	1042	1042	4	4594
10547	4586	1042	1042	5	4595
10548	4586	1042	1042	11	1080
10549	4077	1083	1083	1	3383
10550	4077	1083	1083	2	3384
10551	4077	1083	1083	3	3385
10552	4077	1083	1083	4	3386
10553	4612	1083	1083	1	4616
10554	4612	1083	1083	2	4617
10555	4612	1083	1083	3	4618
10556	4612	1083	1083	4	4619
10557	4612	1083	1083	5	4620
10558	4612	1083	1083	11	4630
10559	4587	1083	1083	1	4591
10560	4587	1083	1083	2	4592
10561	4587	1083	1083	3	4593
10562	4587	1083	1083	4	4594
10563	4587	1083	1083	5	4595
10564	4587	1083	1083	11	1688
10565	4059	1114	1114	1	3383
10566	4059	1114	1114	2	3384
10567	4059	1114	1114	3	3385
10568	4059	1114	1114	4	3386
10569	4059	1184	1184	1	3383
10570	4059	1184	1184	2	3384
10571	4059	1184	1184	3	3385
10572	4059	1184	1184	4	3386
10573	4059	1082	1082	1	3383
10574	4059	1082	1082	2	3384
10575	4059	1082	1082	3	3385
10576	4059	1082	1082	4	3386
10577	4605	1114	1114	1	4616
10578	4605	1114	1114	2	4617
10579	4605	1114	1114	3	4618
10580	4605	1114	1114	4	4619
10581	4605	1114	1114	5	4620
10582	4605	1114	1114	11	4637
10583	4605	1184	1184	1	4616
10584	4605	1184	1184	2	4617
10585	4605	1184	1184	3	4618
10586	4605	1184	1184	4	4619
10587	4605	1184	1184	5	4620
10588	4605	1184	1184	11	4637
10589	4605	1082	1082	1	4616
10590	4605	1082	1082	2	4617
10591	4605	1082	1082	3	4618
10592	4605	1082	1082	4	4619
10593	4605	1082	1082	5	4620
10594	4605	1082	1082	11	4629
10595	4576	1114	1114	1	4591
10596	4576	1114	1114	2	4592
10597	4576	1114	1114	3	4593
10598	4576	1114	1114	4	4594
10599	4576	1114	1114	5	4595
10600	4576	1114	1114	11	2039
10601	4576	1184	1184	1	4591
10602	4576	1184	1184	2	4592
10603	4576	1184	1184	3	4593
10604	4576	1184	1184	4	4594
10605	4576	1184	1184	5	4595
10606	4576	1184	1184	11	2039
10607	4576	1082	1082	1	4591
10608	4576	1082	1082	2	4592
10609	4576	1082	1082	3	4593
10610	4576	1082	1082	4	4594
10611	4576	1082	1082	5	4595
10612	4576	1082	1082	11	450
10613	4078	1186	1186	1	3383
10614	4078	1186	1186	2	3384
10615	4078	1186	1186	3	3385
10616	4078	1186	1186	4	3386
10617	4613	1186	1186	1	4616
10618	4613	1186	1186	2	4617
10619	4613	1186	1186	3	4618
10620	4613	1186	1186	4	4619
10621	4613	1186	1186	5	4620
10622	4613	1186	1186	11	4631
10623	4588	1186	1186	1	4591
10624	4588	1186	1186	2	4592
10625	4588	1186	1186	3	4593
10626	4588	1186	1186	4	4594
10627	4588	1186	1186	5	4595
10628	4588	1186	1186	11	1697
10629	4058	1266	1266	1	3383
10630	4058	1266	1266	2	3384
10631	4058	1266	1266	3	3385
10632	4058	1266	1266	4	3386
10633	4604	1266	1266	1	4616
10634	4604	1266	1266	2	4617
10635	4604	1266	1266	3	4618
10636	4604	1266	1266	4	4619
10637	4604	1266	1266	5	4620
10638	4604	1266	1266	11	4632
10639	4575	1266	1266	1	4591
10640	4575	1266	1266	2	4592
10641	4575	1266	1266	3	4593
10642	4575	1266	1266	4	4594
10643	4575	1266	1266	5	4595
10644	4575	1266	1266	11	1696
10645	4079	1560	1560	1	3383
10646	4079	1560	1560	2	3384
10647	4079	1560	1560	3	3385
10648	4079	1560	1560	4	3386
10649	4080	1562	1562	1	3383
10650	4080	1562	1562	2	3384
10651	4080	1562	1562	3	3385
10652	4080	1562	1562	4	3386
10653	4055	1700	1700	1	3383
10654	4055	1700	1700	2	3384
10655	4055	1700	1700	3	3385
10656	4055	1700	1700	4	3386
10657	4603	1700	1700	1	4616
10658	4603	1700	1700	2	4617
10659	4603	1700	1700	3	4618
10660	4603	1700	1700	4	4619
10661	4603	1700	1700	5	4620
10662	4603	1700	1700	11	4626
10663	4574	1700	1700	1	4591
10664	4574	1700	1700	2	4592
10665	4574	1700	1700	3	4593
10666	4574	1700	1700	4	4594
10667	4574	1700	1700	5	4595
10668	4574	1700	1700	11	432
10669	4081	2950	2950	1	3383
10670	4081	2950	2950	2	3384
10671	4081	2950	2950	3	3385
10672	4081	2950	2950	4	3386
10673	4614	2950	2950	1	4616
10674	4614	2950	2950	2	4617
10675	4614	2950	2950	3	4618
10676	4614	2950	2950	4	4619
10677	4614	2950	2950	5	4620
10678	4614	2950	2950	11	4628
10679	4589	2950	2950	1	4591
10680	4589	2950	2950	2	4592
10681	4589	2950	2950	3	4593
10682	4589	2950	2950	4	4594
10683	4589	2950	2950	5	4595
10684	4589	2950	2950	11	2963
10685	4103	3831	3831	1	4105
10686	4103	3831	3831	2	4106
10687	4103	3831	3831	3	4107
10688	4103	3831	3831	4	4108
10689	4103	3831	3831	11	4057
10690	4103	3831	3831	13	3859
10691	4103	3831	3831	14	3850
10692	4082	3220	3220	1	3383
10693	4082	3220	3220	2	3384
10694	4082	3220	3220	3	3385
10695	4082	3220	3220	4	3386
10696	4615	3220	3220	1	4616
10697	4615	3220	3220	2	4617
10698	4615	3220	3220	3	4618
10699	4615	3220	3220	4	4619
10700	4615	3220	3220	5	4620
10701	4615	3220	3220	11	4633
10702	4590	3220	3220	1	4591
10703	4590	3220	3220	2	4592
10704	4590	3220	3220	3	4593
10705	4590	3220	3220	4	4594
10706	4590	3220	3220	5	4595
10707	4590	3220	3220	11	3252
10708	4104	603	603	1	4105
10709	4104	603	603	2	4106
10710	4104	603	603	3	4107
10711	4104	603	603	4	4108
10712	4104	603	603	11	4067
10713	4104	603	603	13	187
